{
  "version": 1,
  "author": "Anonymous maker",
  "editor": "wokwi",
  "parts": [
    { "type": "board-esp32-devkit-c-v4", "id": "esp", "top": 0, "left": 0, "attrs": {} },
    { "type": "wokwi-dht22", "id": "dht1", "top": -28.5, "left": -159, "attrs": {} }
  ],
  "connections": [
    [ "esp:TX", "$serialMonitor:RX", "", [] ],
    [ "esp:RX", "$serialMonitor:TX", "", [] ],
    [ "esp:GND.1", "dht1:GND", "black", [ "h0" ] ],
    [ "esp:3V3", "dht1:VCC", "green", [ "h0" ] ],
    [ "esp:4", "dht1:SDA", "green", [ "h0" ] ]
  ],
  "dependencies": {}
}